Year,Age,Deaths,Region,Pop,Mortality rate
2011,0,400.8,Italia,553218,0.0007244883572118044
2011,1,400.8,Italia,561694,0.0007135557794813546
2011,2,400.8,Italia,569064,0.0007043144532073722
2011,3,400.8,Italia,565219,0.0007091056740838507
2011,4,400.8,Italia,565563,0.0007086743651900849
2011,5,48.4,Italia,562064,8.611119018474765e-05
2011,6,48.4,Italia,566952,8.536877901480195e-05
2011,7,48.4,Italia,561735,8.61616242534291e-05
2011,8,48.4,Italia,557192,8.686413300980631e-05
2011,9,48.4,Italia,562052,8.611302868773708e-05
2011,10,56.4,Italia,571096,9.875747685152759e-05
2011,11,56.4,Italia,561199,0.00010049910994139334
2011,12,56.4,Italia,561491,0.00010044684598684573
2011,13,56.4,Italia,559950,0.0001007232788641843
2011,14,56.4,Italia,561392,0.00010046455952347023
2011,15,146.0,Italia,560238,0.00026060352921436963
2011,16,146.0,Italia,567923,0.0002570771037623058
2011,17,146.0,Italia,581230,0.00025119143884520757
2011,18,146.0,Italia,604124,0.00024167223947401526
2011,19,146.0,Italia,603863,0.00024177669438266627
2011,20,230.8,Italia,612576,0.0003767695763464452
2011,21,230.8,Italia,610542,0.000378024771432596
2011,22,230.8,Italia,623820,0.0003699785194447116
2011,23,230.8,Italia,611599,0.0003773714476315364
2011,24,230.8,Italia,616494,0.0003743750952969534
2011,25,254.0,Italia,639200,0.00039737171464330416
2011,26,254.0,Italia,654087,0.00038832754664134894
2011,27,254.0,Italia,668204,0.00038012343535806433
2011,28,254.0,Italia,693946,0.0003660227164649699
2011,29,254.0,Italia,701935,0.000361856867088833
2011,30,352.8,Italia,723586,0.0004875716224470899
2011,31,352.8,Italia,751830,0.00046925501775667375
2011,32,352.8,Italia,794814,0.0004438774354754697
2011,33,352.8,Italia,822683,0.0004288407564031346
2011,34,352.8,Italia,861703,0.00040942180774582426
2011,35,572.8,Italia,902528,0.0006346617501063679
2011,36,572.8,Italia,942128,0.0006079853268345702
2011,37,572.8,Italia,938132,0.0006105750576677908
2011,38,572.8,Italia,947990,0.0006042257829723942
2011,39,572.8,Italia,959107,0.0005972222077411591
2011,40,953.0,Italia,951856,0.0010012018624665916
2011,41,953.0,Italia,979184,0.0009732593669831206
2011,42,953.0,Italia,972222,0.0009802287954808675
2011,43,953.0,Italia,977076,0.0009753591327593759
2011,44,953.0,Italia,990052,0.000962575703094383
2011,45,1596.6,Italia,989357,0.0016137754117067954
2011,46,1596.6,Italia,1003176,0.0015915452522787625
2011,47,1596.6,Italia,941770,0.0016953183898404068
2011,48,1596.6,Italia,911060,0.001752464162623757
2011,49,1596.6,Italia,893628,0.0017866494783064092
2011,50,2247.8,Italia,866805,0.002593201469765403
2011,51,2247.8,Italia,846821,0.002654398036893275
2011,52,2247.8,Italia,810088,0.0027747602729579998
2011,53,2247.8,Italia,803336,0.0027980819980680566
2011,54,2247.8,Italia,788861,0.0028494246768442097
2011,55,3209.2,Italia,775430,0.00413860696645732
2011,56,3209.2,Italia,764271,0.004199034112245525
2011,57,3209.2,Italia,730457,0.004393413986038877
2011,58,3209.2,Italia,720533,0.00445392508046127
2011,59,3209.2,Italia,719456,0.004460592447627096
2011,60,5172.2,Italia,747089,0.006923137671683025
2011,61,5172.2,Italia,751973,0.006878172487576016
2011,62,5172.2,Italia,786022,0.006580222945413741
2011,63,5172.2,Italia,769030,0.006725615385615645
2011,64,5172.2,Italia,770265,0.006714831908499023
2011,65,6786.0,Italia,594956,0.011405885477245376
2011,66,6786.0,Italia,611422,0.011098717416121761
2011,67,6786.0,Italia,617482,0.010989794034481977
2011,68,6786.0,Italia,612840,0.011073037008028197
2011,69,6786.0,Italia,615244,0.011029770302514124
2011,70,10766.2,Italia,674165,0.015969681012808438
2011,71,10766.2,Italia,660569,0.016298373069278154
2011,72,10766.2,Italia,638137,0.016871298796339973
2011,73,10766.2,Italia,586796,0.018347432497835707
2011,74,10766.2,Italia,546804,0.01968932195082699
2011,75,15722.0,Italia,552626,0.028449620539026395
2011,76,15722.0,Italia,528587,0.029743448098420885
2011,77,15722.0,Italia,505137,0.03112422966442767
2011,78,15722.0,Italia,477223,0.0329447658641767
2011,79,15722.0,Italia,465205,0.03379585344095614
2011,80,22491.4,Italia,465001,0.048368498132262086
2011,81,22491.4,Italia,407354,0.05521340161137488
2011,82,22491.4,Italia,381487,0.05895718595915458
2011,83,22491.4,Italia,356922,0.06301488840699089
2011,84,22491.4,Italia,320860,0.0700972386710715
2011,85,25258.2,Italia,290266,0.08701742539601608
2011,86,25258.2,Italia,259529,0.09732322784736966
2011,87,25258.2,Italia,232945,0.10842988688316985
2011,88,25258.2,Italia,201579,0.12530174274105935
2011,89,25258.2,Italia,171972,0.14687390970623126
2011,90,14052.2,Italia,143230,0.09810933463659849
2011,91,14052.2,Italia,78656,0.17865388527257933
2011,92,14052.2,Italia,48904,0.2873425486667757
2011,93,14052.2,Italia,41402,0.3394087242162215
2011,94,14052.2,Italia,40342,0.34832680581032177
2011,95,6973.833333333333,Italia,38736,0.18003493735371057
2011,96,6973.833333333333,Italia,29780,0.23417841952093127
2011,97,6973.833333333333,Italia,21305,0.3273331768755378
2011,98,6973.833333333333,Italia,14740,0.4731230212573496
2011,99,6973.833333333333,Italia,9207,0.7574490423952789
2011,100,6973.833333333333,Italia,13106,0.5321099750750292
2012,0,382.2,Italia,537347,0.0007112722319097342
2012,1,382.2,Italia,551720,0.0006927426955702168
2012,2,382.2,Italia,560943,0.0006813526508040923
2012,3,382.2,Italia,568135,0.0006727274327404578
2012,4,382.2,Italia,565624,0.000675713901814633
2012,5,40.4,Italia,566438,7.132289853434974e-05
2012,6,40.4,Italia,563169,7.173690313209711e-05
2012,7,40.4,Italia,567808,7.115081154192967e-05
2012,8,40.4,Italia,563165,7.173741265881224e-05
2012,9,40.4,Italia,558982,7.227424138881037e-05
2012,10,50.0,Italia,564793,8.852800937688675e-05
2012,11,50.0,Italia,574185,8.707994810035094e-05
2012,12,50.0,Italia,563954,8.865971338087859e-05
2012,13,50.0,Italia,564733,8.853741502621593e-05
2012,14,50.0,Italia,563250,8.87705281846427e-05
2012,15,129.6,Italia,564605,0.0002295410065443983
2012,16,129.6,Italia,563391,0.00023003562357226152
2012,17,129.6,Italia,571802,0.0002266518829944631
2012,18,129.6,Italia,586324,0.0002210381973107019
2012,19,129.6,Italia,610128,0.00021241444418220438
2012,20,203.8,Italia,609674,0.00033427700705623007
2012,21,203.8,Italia,618718,0.00032939077253288254
2012,22,203.8,Italia,618115,0.0003297121085882077
2012,23,203.8,Italia,632527,0.00032219968475654005
2012,24,203.8,Italia,620643,0.00032836912685714655
2012,25,236.2,Italia,625221,0.0003777864147237537
2012,26,236.2,Italia,648230,0.00036437684155315244
2012,27,236.2,Italia,662630,0.0003564583553415933
2012,28,236.2,Italia,677576,0.00034859558189782397
2012,29,236.2,Italia,701007,0.00033694385362770983
2012,30,323.8,Italia,708916,0.0004567536915516084
2012,31,323.8,Italia,727308,0.0004452034076347297
2012,32,323.8,Italia,753237,0.0004298779799717752
2012,33,323.8,Italia,795912,0.0004068288956568063
2012,34,323.8,Italia,824202,0.0003928648559455085
2012,35,575.4,Italia,862572,0.0006670747485427303
2012,36,575.4,Italia,905540,0.0006354219581686066
2012,37,575.4,Italia,944130,0.0006094499698134791
2012,38,575.4,Italia,939840,0.0006122318692543411
2012,39,575.4,Italia,949399,0.000606067628046796
2012,40,945.0,Italia,960310,0.0009840572315189886
2012,41,945.0,Italia,953006,0.0009915992134362217
2012,42,945.0,Italia,980248,0.0009640417526993169
2012,43,945.0,Italia,973900,0.0009703254954307424
2012,44,945.0,Italia,978769,0.0009654984986242923
2012,45,1596.8,Italia,990724,0.00161175059855217
2012,46,1596.8,Italia,990040,0.0016128641267019513
2012,47,1596.8,Italia,1003945,0.0015905253773862114
2012,48,1596.8,Italia,942201,0.0016947551530936604
2012,49,1596.8,Italia,911129,0.0017525509560117173
2012,50,2263.0,Italia,893523,0.002532671235099712
2012,51,2263.0,Italia,866643,0.002611225152686862
2012,52,2263.0,Italia,846619,0.0026729851326275458
2012,53,2263.0,Italia,809882,0.002794234221775518
2012,54,2263.0,Italia,803027,0.00281808706307509
2012,55,3219.2,Italia,787910,0.004085745833915041
2012,56,3219.2,Italia,774220,0.004157991268631655
2012,57,3219.2,Italia,762656,0.004221038056476314
2012,58,3219.2,Italia,728427,0.004419385882181742
2012,59,3219.2,Italia,717934,0.004483977635827249
2012,60,5062.6,Italia,716525,0.007065489689822407
2012,61,5062.6,Italia,743741,0.006806939512545363
2012,62,5062.6,Italia,748381,0.0067647361437556544
2012,63,5062.6,Italia,781756,0.006475933667282375
2012,64,5062.6,Italia,764571,0.006621491006067455
2012,65,6997.0,Italia,765230,0.009143656155665618
2012,66,6997.0,Italia,590318,0.011852933503637022
2012,67,6997.0,Italia,606259,0.01154127196462238
2012,68,6997.0,Italia,611459,0.011443122106306393
2012,69,6997.0,Italia,606065,0.011544966298994333
2012,70,10824.4,Italia,607771,0.0178099975155116
2012,71,10824.4,Italia,665058,0.016275873683197554
2012,72,10824.4,Italia,650682,0.016635468631374464
2012,73,10824.4,Italia,627641,0.01724616460683735
2012,74,10824.4,Italia,575849,0.018797288872603755
2012,75,15763.6,Italia,535123,0.029457900333194426
2012,76,15763.6,Italia,539128,0.029239067531272724
2012,77,15763.6,Italia,513868,0.03067636046611192
2012,78,15763.6,Italia,489364,0.03221242265471101
2012,79,15763.6,Italia,459929,0.03427398576736844
2012,80,23041.6,Italia,446148,0.051645642253243314
2012,81,23041.6,Italia,442519,0.05206917669071836
2012,82,23041.6,Italia,386199,0.05966250559944484
2012,83,23041.6,Italia,358602,0.06425396400466254
2012,84,23041.6,Italia,329591,0.06990967593168503
2012,85,26218.6,Italia,296097,0.08854733415063307
2012,86,26218.6,Italia,265316,0.0988202746913115
2012,87,26218.6,Italia,234297,0.11190326807428178
2012,88,26218.6,Italia,207364,0.12643756871973919
2012,89,26218.6,Italia,174033,0.15065303706768257
2012,90,16438.0,Italia,147974,0.11108708286590888
2012,91,16438.0,Italia,121814,0.1349434383568391
2012,92,16438.0,Italia,65643,0.25041512423259144
2012,93,16438.0,Italia,40015,0.41079595151818066
2012,94,16438.0,Italia,33261,0.49421244099696343
2012,95,6887.833333333333,Italia,31728,0.2170900571524626
2012,96,6887.833333333333,Italia,30072,0.22904473707546333
2012,97,6887.833333333333,Italia,22796,0.3021509621571036
2012,98,6887.833333333333,Italia,15766,0.4368789377986384
2012,99,6887.833333333333,Italia,10791,0.6382942575603126
2012,100,6887.833333333333,Italia,15435,0.44624770543137887
2013,0,363.0,Italia,534047,0.0006797154557557668
2013,1,363.0,Italia,539163,0.0006732657841877132
2013,2,363.0,Italia,554476,0.0006546721589392508
2013,3,363.0,Italia,563518,0.0006441675332464979
2013,4,363.0,Italia,570533,0.000636247158358938
2013,5,41.4,Italia,568059,7.28797536875571e-05
2013,6,41.4,Italia,568569,7.281438136796062e-05
2013,7,41.4,Italia,564994,7.32751144259939e-05
2013,8,41.4,Italia,569721,7.266714760382714e-05
2013,9,41.4,Italia,565189,7.32498332416236e-05
2013,10,48.2,Italia,561023,8.591448122447744e-05
2013,11,48.2,Italia,566859,8.502996335949504e-05
2013,12,48.2,Italia,576443,8.361624653261468e-05
2013,13,48.2,Italia,566121,8.514080912031174e-05
2013,14,48.2,Italia,566488,8.508565053452148e-05
2013,15,122.0,Italia,565211,0.00021584859459564657
2013,16,122.0,Italia,566829,0.00021523245987767033
2013,17,122.0,Italia,566265,0.00021544683143051398
2013,18,122.0,Italia,575809,0.00021187581298659798
2013,19,122.0,Italia,591398,0.00020629085658050925
2013,20,191.8,Italia,615775,0.00031147740652023875
2013,21,191.8,Italia,615920,0.000311404078451747
2013,22,191.8,Italia,625991,0.00030639418138599437
2013,23,191.8,Italia,626323,0.00030623176859224396
2013,24,191.8,Italia,641705,0.0002988912350690738
2013,25,229.8,Italia,629785,0.00036488642949578033
2013,26,229.8,Italia,634573,0.0003621332770225018
2013,27,229.8,Italia,657302,0.0003496109855135083
2013,28,229.8,Italia,671234,0.0003423545291209921
2013,29,229.8,Italia,685561,0.00033519993115127615
2013,30,312.0,Italia,708941,0.00044009304018246935
2013,31,312.0,Italia,716312,0.00043556439093579333
2013,32,312.0,Italia,734319,0.000424883463453894
2013,33,312.0,Italia,759793,0.0004106381606569158
2013,34,312.0,Italia,801901,0.00038907545943950685
2013,35,531.8,Italia,829672,0.0006409761930015717
2013,36,531.8,Italia,867619,0.0006129418558145914
2013,37,531.8,Italia,910056,0.0005843596438021396
2013,38,531.8,Italia,948332,0.0005607740749020385
2013,39,531.8,Italia,943595,0.0005635892517446573
2013,40,911.0,Italia,953207,0.0009557210553426485
2013,41,911.0,Italia,963786,0.0009452305802325413
2013,42,911.0,Italia,956333,0.0009525970556281128
2013,43,911.0,Italia,983109,0.000926652080288147
2013,44,911.0,Italia,976785,0.0009326515046811734
2013,45,1553.4,Italia,981147,0.0015832489932701217
2013,46,1553.4,Italia,992410,0.0015652804788343529
2013,47,1553.4,Italia,991480,0.0015667486989147537
2013,48,1553.4,Italia,1004959,0.0015457347016146928
2013,49,1553.4,Italia,942955,0.001647374477042913
2013,50,2268.6,Italia,911755,0.0024881684224380453
2013,51,2268.6,Italia,893905,0.0025378535750443278
2013,52,2268.6,Italia,866845,0.0026170768707208325
2013,53,2268.6,Italia,846433,0.002680188508718351
2013,54,2268.6,Italia,809359,0.002802958884747065
2013,55,3184.8,Italia,802167,0.003970245597238481
2013,56,3184.8,Italia,786720,0.004048200122025626
2013,57,3184.8,Italia,772508,0.00412267575222522
2013,58,3184.8,Italia,760620,0.0041871105151060975
2013,59,3184.8,Italia,726109,0.00438611833760496
2013,60,4813.4,Italia,715114,0.006730954784831509
2013,61,4813.4,Italia,713207,0.006748952267714702
2013,62,4813.4,Italia,739579,0.006508297288051715
2013,63,4813.4,Italia,743703,0.006472207319319674
2013,64,4813.4,Italia,776235,0.006200957184357829
2013,65,7012.0,Italia,758494,0.009244634763096346
2013,66,7012.0,Italia,758422,0.009245512392836705
2013,67,7012.0,Italia,584348,0.011999698809613449
2013,68,7012.0,Italia,599574,0.011694970095434425
2013,69,7012.0,Italia,603954,0.01161015574033784
2013,70,10417.8,Italia,597855,0.01742529543116642
2013,71,10417.8,Italia,598679,0.01740131188834083
2013,72,10417.8,Italia,654284,0.015922443464917373
2013,73,10417.8,Italia,638890,0.016306093380707164
2013,74,10417.8,Italia,614915,0.016941853752144603
2013,75,15366.2,Italia,562945,0.027296094645125193
2013,76,15366.2,Italia,521467,0.029467252961357097
2013,77,15366.2,Italia,523877,0.029331694271746995
2013,78,15366.2,Italia,497244,0.030902735880171506
2013,79,15366.2,Italia,471533,0.03258775101636577
2013,80,22176.4,Italia,440802,0.050309209123370585
2013,81,22176.4,Italia,425307,0.05214209970680003
2013,82,22176.4,Italia,418846,0.052946428997770065
2013,83,22176.4,Italia,362879,0.06111238181322149
2013,84,22176.4,Italia,334025,0.06639143776663424
2013,85,25478.8,Italia,303765,0.08387668098694714
2013,86,25478.8,Italia,270045,0.09435020089244385
2013,87,25478.8,Italia,238677,0.10675012674032269
2013,88,25478.8,Italia,207767,0.12263160174618683
2013,89,25478.8,Italia,180975,0.14078629644978588
2013,90,17816.8,Italia,149299,0.11933636528041044
2013,91,17816.8,Italia,124431,0.14318618350732534
2013,92,17816.8,Italia,100196,0.17781947383129065
2013,93,17816.8,Italia,52870,0.33699262341592584
2013,94,17816.8,Italia,31384,0.5677032882997706
2013,95,6091.333333333333,Italia,25510,0.23878217692408205
2013,96,6091.333333333333,Italia,23522,0.25896324008729416
2013,97,6091.333333333333,Italia,21639,0.2814979127193185
2013,98,6091.333333333333,Italia,16125,0.3777571059431524
2013,99,6091.333333333333,Italia,10705,0.5690175930250662
2013,100,6091.333333333333,Italia,16205,0.3758922143371387
2014,0,343.4,Italia,512140,0.0006705197797477252
2014,1,343.4,Italia,533916,0.0006431723342248593
2014,2,343.4,Italia,540449,0.0006353976045843363
2014,3,343.4,Italia,556034,0.0006175881330997744
2014,4,343.4,Italia,565065,0.0006077176961942431
2014,5,41.2,Italia,571660,7.207081132141483e-05
2014,6,41.2,Italia,569197,7.238267243151317e-05
2014,7,41.2,Italia,569486,7.234594002310856e-05
2014,8,41.2,Italia,565785,7.281918043072899e-05
2014,9,41.2,Italia,570842,7.217408669999755e-05
2014,10,48.2,Italia,565982,8.516171892392338e-05
2014,11,48.2,Italia,561945,8.577351876073282e-05
2014,12,48.2,Italia,567704,8.490340036356975e-05
2014,13,48.2,Italia,577668,8.34389303198377e-05
2014,14,48.2,Italia,567354,8.49557771691043e-05
2014,15,113.0,Italia,567577,0.0001990919293769832
2014,16,113.0,Italia,566463,0.0001994834614087769
2014,17,113.0,Italia,568311,0.00019883479292148138
2014,18,113.0,Italia,568901,0.0001986285838836634
2014,19,113.0,Italia,579167,0.00019510780137680495
2014,20,175.4,Italia,594700,0.000294938624516563
2014,21,175.4,Italia,619721,0.0002830305895717589
2014,22,175.4,Italia,620480,0.0002826843733883445
2014,23,175.4,Italia,631701,0.00027766300829031455
2014,24,175.4,Italia,632953,0.00027711378253993585
2014,25,213.8,Italia,648419,0.0003297250697465682
2014,26,213.8,Italia,636582,0.0003358561819215749
2014,27,213.8,Italia,641031,0.00033352521172922995
2014,28,213.8,Italia,663290,0.0003223326146934222
2014,29,213.8,Italia,676818,0.00031588994382537107
2014,30,282.0,Italia,690730,0.0004082637209908358
2014,31,282.0,Italia,714079,0.0003949142881950036
2014,32,282.0,Italia,720876,0.00039119071795981554
2014,33,282.0,Italia,738827,0.0003816861051369265
2014,34,282.0,Italia,764214,0.000369006587160141
2014,35,507.6,Italia,806028,0.0006297547976000834
2014,36,507.6,Italia,833437,0.0006090442348971788
2014,37,507.6,Italia,871033,0.0005827563364419029
2014,38,507.6,Italia,912952,0.0005559985629036357
2014,39,507.6,Italia,951165,0.0005336613521313337
2014,40,860.8,Italia,945705,0.0009102204175720758
2014,41,860.8,Italia,955513,0.0009008773297694536
2014,42,860.8,Italia,965669,0.000891402747732401
2014,43,860.8,Italia,958096,0.0008984485897029107
2014,44,860.8,Italia,984531,0.0008743249323789703
2014,45,1477.4,Italia,978283,0.0015101969471001747
2014,46,1477.4,Italia,982281,0.0015040502666752182
2014,47,1477.4,Italia,992630,0.0014883692816054321
2014,48,1477.4,Italia,991370,0.0014902609520158973
2014,49,1477.4,Italia,1004792,0.0014703540633285298
2014,50,2275.8,Italia,942604,0.002414375495966493
2014,51,2275.8,Italia,911065,0.002497955689220857
2014,52,2275.8,Italia,893005,0.0025484739727101194
2014,53,2275.8,Italia,865620,0.0026290982186178693
2014,54,2275.8,Italia,845199,0.002692620317818644
2014,55,3156.2,Italia,807908,0.003906632933452819
2014,56,3156.2,Italia,800398,0.003943288214113478
2014,57,3156.2,Italia,784350,0.004023968891438771
2014,58,3156.2,Italia,769691,0.004100606607066992
2014,59,3156.2,Italia,757655,0.004165748262731718
2014,60,4639.6,Italia,722856,0.00641842912004604
2014,61,4639.6,Italia,711376,0.0065220080520006305
2014,62,4639.6,Italia,709028,0.0065436061763428244
2014,63,4639.6,Italia,734434,0.006317245661284745
2014,64,4639.6,Italia,738110,0.00628578396174012
2014,65,7126.2,Italia,769765,0.00925763057556527
2014,66,7126.2,Italia,751469,0.009483025913244592
2014,67,7126.2,Italia,750428,0.009496180846130475
2014,68,7126.2,Italia,577444,0.01234093695665727
2014,69,7126.2,Italia,591984,0.01203782534663099
2014,70,9974.8,Italia,595286,0.016756315451732444
2014,71,9974.8,Italia,588705,0.016943630511036936
2014,72,9974.8,Italia,588597,0.01694673944991225
2014,73,9974.8,Italia,642389,0.015527663144916864
2014,74,9974.8,Italia,626150,0.015930368122654314
2014,75,15139.2,Italia,601241,0.025179919533099043
2014,76,15139.2,Italia,549087,0.027571587016265182
2014,77,15139.2,Italia,507003,0.029860178342139988
2014,78,15139.2,Italia,507613,0.02982429528006572
2014,79,15139.2,Italia,479630,0.03156433083835457
2014,80,21883.0,Italia,452313,0.04838021458591727
2014,81,21883.0,Italia,420843,0.05199801351097678
2014,82,21883.0,Italia,403312,0.05425824175824176
2014,83,21883.0,Italia,394704,0.05544154606996635
2014,84,21883.0,Italia,339153,0.06452250164380088
2014,85,25197.8,Italia,309266,0.0814761402805352
2014,86,25197.8,Italia,278125,0.09059883146067416
2014,87,25197.8,Italia,244281,0.10315087951989717
2014,88,25197.8,Italia,212907,0.11835120498621464
2014,89,25197.8,Italia,182769,0.137866924916151
2014,90,19481.2,Italia,156364,0.12458878002609297
2014,91,19481.2,Italia,126828,0.15360330526382188
2014,92,19481.2,Italia,103609,0.18802613672557403
2014,93,19481.2,Italia,81437,0.23921804585139433
2014,94,19481.2,Italia,41835,0.4656675032867217
2014,95,5613.5,Italia,24229,0.23168517066325478
2014,96,5613.5,Italia,19375,0.2897290322580645
2014,97,5613.5,Italia,17158,0.3271651707658235
2014,98,5613.5,Italia,15362,0.36541465954953783
2014,99,5613.5,Italia,11153,0.503317493051197
2014,100,5613.5,Italia,17252,0.32538256434036633
2015,0,335.6,Italia,499940,0.0006712805536664401
2015,1,335.6,Italia,511448,0.000656176189954795
2015,2,335.6,Italia,532895,0.000629767590238227
2015,3,335.6,Italia,539900,0.0006215965919614744
2015,4,335.6,Italia,555647,0.0006039805847957427
2015,5,36.2,Italia,564915,6.408043687988459e-05
2015,6,36.2,Italia,571217,6.337346402505528e-05
2015,7,36.2,Italia,568782,6.364477075575528e-05
2015,8,36.2,Italia,569129,6.360596630992272e-05
2015,9,36.2,Italia,565607,6.400203674989878e-05
2015,10,46.4,Italia,570929,8.127105121652604e-05
2015,11,46.4,Italia,566055,8.197083322292003e-05
2015,12,46.4,Italia,562246,8.252615403222076e-05
2015,13,46.4,Italia,567956,8.169646944481615e-05
2015,14,46.4,Italia,578507,8.020646249742873e-05
2015,15,129.6,Italia,568252,0.0002280678290617543
2015,16,129.6,Italia,568447,0.0002279895926972963
2015,17,129.6,Italia,567946,0.00022819070827156103
2015,18,129.6,Italia,570728,0.00022707839811609033
2015,19,129.6,Italia,572067,0.00022654689048660383
2015,20,180.2,Italia,581875,0.00030968850698174003
2015,21,180.2,Italia,596841,0.0003019229577056536
2015,22,180.2,Italia,622716,0.0002893775011401666
2015,23,180.2,Italia,623610,0.00028896265294013884
2015,24,180.2,Italia,635226,0.0002836785647942622
2015,25,209.4,Italia,636172,0.00032915626591550716
2015,26,209.4,Italia,651427,0.0003214481438442067
2015,27,209.4,Italia,639283,0.0003275544633597327
2015,28,209.4,Italia,643403,0.00032545698419186734
2015,29,209.4,Italia,665331,0.00031473056268233404
2015,30,290.4,Italia,678538,0.0004279789783328273
2015,31,290.4,Italia,692273,0.00041948768766079275
2015,32,290.4,Italia,715538,0.0004058484664685872
2015,33,290.4,Italia,722073,0.000402175403317947
2015,34,290.4,Italia,739783,0.000392547544347464
2015,35,470.0,Italia,765110,0.0006142907555776294
2015,36,470.0,Italia,806726,0.0005826017755718794
2015,37,470.0,Italia,833639,0.0005637932006540001
2015,38,470.0,Italia,871157,0.0005395123955842632
2015,39,470.0,Italia,912804,0.0005148969548774984
2015,40,861.6,Italia,950732,0.0009062490796565173
2015,41,861.6,Italia,945247,0.0009115077857956704
2015,42,861.6,Italia,955105,0.0009020997691353307
2015,43,861.6,Italia,965223,0.0008926434616663714
2015,44,861.6,Italia,957607,0.0008997427963663591
2015,45,1532.4,Italia,983789,0.001557651081685199
2015,46,1532.4,Italia,977252,0.0015680704669829278
2015,47,1532.4,Italia,981170,0.0015618088608498018
2015,48,1532.4,Italia,991110,0.0015461452311045193
2015,49,1532.4,Italia,989559,0.0015485686048027456
2015,50,2385.2,Italia,1002737,0.002378689526765243
2015,51,2385.2,Italia,940784,0.0025353322335413867
2015,52,2385.2,Italia,908854,0.0026244039196614637
2015,53,2385.2,Italia,890949,0.002677145380936507
2015,54,2385.2,Italia,863111,0.0027634916018912975
2015,55,3305.0,Italia,842569,0.003922527413185151
2015,56,3305.0,Italia,804978,0.004105702267639613
2015,57,3305.0,Italia,797381,0.004144819101533646
2015,58,3305.0,Italia,780974,0.004231895043881102
2015,59,3305.0,Italia,766096,0.004314080741839143
2015,60,4799.0,Italia,753862,0.006365886594628725
2015,61,4799.0,Italia,718861,0.006675838583537012
2015,62,4799.0,Italia,706848,0.0067892955769840195
2015,63,4799.0,Italia,703996,0.006816800095455088
2015,64,4799.0,Italia,728804,0.00658476078616473
2015,65,7523.0,Italia,732105,0.010275848409722649
2015,66,7523.0,Italia,762719,0.009863396611333924
2015,67,7523.0,Italia,744050,0.010110879645185136
2015,68,7523.0,Italia,741832,0.010141110116576259
2015,69,7523.0,Italia,570390,0.013189221409912516
2015,70,9990.2,Italia,583984,0.017106975533576263
2015,71,9990.2,Italia,586521,0.017032979211315538
2015,72,9990.2,Italia,579300,0.01724529604695322
2015,73,9990.2,Italia,578208,0.017277865404837014
2015,74,9990.2,Italia,630060,0.015855950226962512
2015,75,16116.0,Italia,613015,0.026289731898893175
2015,76,16116.0,Italia,586884,0.027460281759257365
2015,77,16116.0,Italia,534331,0.030161079929856213
2015,78,16116.0,Italia,491887,0.03276362253932306
2015,79,16116.0,Italia,490262,0.032872219343942626
2015,80,23256.8,Italia,461054,0.05044268133450745
2015,81,23256.8,Italia,432359,0.053790484296614614
2015,82,23256.8,Italia,400186,0.0581149765359108
2015,83,23256.8,Italia,380759,0.06108010578870099
2015,84,23256.8,Italia,369558,0.06293139371898322
2015,85,27802.6,Italia,314699,0.0883466423471317
2015,86,27802.6,Italia,284028,0.09788682805920543
2015,87,27802.6,Italia,252492,0.11011279565293157
2015,88,27802.6,Italia,218748,0.1270987620458244
2015,89,27802.6,Italia,187719,0.14810754372226573
2015,90,21994.0,Italia,158541,0.13872752158747578
2015,91,21994.0,Italia,133214,0.1651027669764439
2015,92,21994.0,Italia,105794,0.20789458759475962
2015,93,21994.0,Italia,84702,0.25966329012301953
2015,94,21994.0,Italia,65141,0.3376368185935125
2015,95,6875.5,Italia,32689,0.21033069228180734
2015,96,6875.5,Italia,18513,0.371387673526711
2015,97,6875.5,Italia,14483,0.4747289926120279
2015,98,6875.5,Italia,12386,0.5551025351202971
2015,99,6875.5,Italia,10728,0.640892990305742
2015,100,6875.5,Italia,18420,0.3732627578718784
2016,0,312.6,Italia,482977,0.0006472357896959897
2016,1,312.6,Italia,499707,0.0006255665820170621
2016,2,312.6,Italia,510117,0.00061280059280518
2016,3,312.6,Italia,531804,0.000587810546742785
2016,4,312.6,Italia,539174,0.0005797757310256059
2016,5,43.8,Italia,555014,7.891692822163045e-05
2016,6,43.8,Italia,564416,7.760233586574442e-05
2016,7,43.8,Italia,570307,7.680074065371808e-05
2016,8,43.8,Italia,568376,7.706166340591439e-05
2016,9,43.8,Italia,568836,7.699934603295149e-05
2016,10,52.4,Italia,565198,9.27108730037969e-05
2016,11,52.4,Italia,570683,9.181980188651143e-05
2016,12,52.4,Italia,566021,9.257607049915109e-05
2016,13,52.4,Italia,562296,9.318935222729665e-05
2016,14,52.4,Italia,568077,9.224101662274657e-05
2016,15,113.8,Italia,579057,0.00019652642140583743
2016,16,113.8,Italia,569082,0.00019997118165747643
2016,17,113.8,Italia,569765,0.00019973146823690468
2016,18,113.8,Italia,570722,0.0001993965538388217
2016,19,113.8,Italia,574614,0.0001980459926141723
2016,20,174.8,Italia,575189,0.00030390010935535974
2016,21,174.8,Italia,584654,0.00029898025156759386
2016,22,174.8,Italia,599431,0.0002916098766997369
2016,23,174.8,Italia,625753,0.0002793434470150363
2016,24,174.8,Italia,626406,0.00027905224407173625
2016,25,204.8,Italia,638292,0.00032085628521115727
2016,26,204.8,Italia,638904,0.00032054894005985253
2016,27,204.8,Italia,653944,0.00031317666344518797
2016,28,204.8,Italia,641855,0.00031907518053142845
2016,29,204.8,Italia,645791,0.0003171304648098224
2016,30,273.0,Italia,667346,0.0004090831442759828
2016,31,273.0,Italia,680181,0.00040136375464765997
2016,32,273.0,Italia,693458,0.0003936792134491202
2016,33,273.0,Italia,716830,0.0003808434356821004
2016,34,273.0,Italia,722978,0.0003776048510466432
2016,35,447.4,Italia,741009,0.0006037713442076951
2016,36,447.4,Italia,765659,0.00058433323450779
2016,37,447.4,Italia,807208,0.0005542561520698506
2016,38,447.4,Italia,834054,0.0005364161073503634
2016,39,447.4,Italia,871203,0.000513542767873848
2016,40,830.6,Italia,912484,0.0009102625361102222
2016,41,830.6,Italia,950153,0.000874175001289266
2016,42,830.6,Italia,944551,0.0008793596110744682
2016,43,830.6,Italia,954408,0.0008702777009413165
2016,44,830.6,Italia,964234,0.0008614091600171743
2016,45,1420.6,Italia,956402,0.0014853586671713357
2016,46,1420.6,Italia,982464,0.001445956289492541
2016,47,1420.6,Italia,975787,0.001455850508358894
2016,48,1420.6,Italia,979534,0.001450281460367889
2016,49,1420.6,Italia,989111,0.0014362392087440136
2016,50,2329.2,Italia,987355,0.002359029933509224
2016,51,2329.2,Italia,1000098,0.0023289717607674447
2016,52,2329.2,Italia,938229,0.0024825495694547916
2016,53,2329.2,Italia,906328,0.002569930532875515
2016,54,2329.2,Italia,888056,0.0026228075706937397
2016,55,3234.6,Italia,860092,0.003760760476786204
2016,56,3234.6,Italia,839440,0.003853283141141713
2016,57,3234.6,Italia,801557,0.004035396110320289
2016,58,3234.6,Italia,793763,0.004075019873690257
2016,59,3234.6,Italia,777007,0.004162896859359054
2016,60,4479.6,Italia,761782,0.005880422483072585
2016,61,4479.6,Italia,749154,0.005979544926677293
2016,62,4479.6,Italia,714112,0.006272965585230329
2016,63,4479.6,Italia,701841,0.006382642222383703
2016,64,4479.6,Italia,698200,0.00641592666857634
2016,65,7297.6,Italia,722535,0.010099995155944003
2016,66,7297.6,Italia,725284,0.010061713756266511
2016,67,7297.6,Italia,754814,0.009668077168679966
2016,68,7297.6,Italia,735440,0.009922767322963124
2016,69,7297.6,Italia,732301,0.009965301153487432
2016,70,9475.8,Italia,562352,0.01685030016786639
2016,71,9475.8,Italia,575250,0.016472490221642763
2016,72,9475.8,Italia,576453,0.016438113775103954
2016,73,9475.8,Italia,568288,0.01667429190832817
2016,74,9475.8,Italia,566362,0.016730995370452112
2016,75,15270.0,Italia,615828,0.024795884565170793
2016,76,15270.0,Italia,597697,0.02554806197789181
2016,77,15270.0,Italia,570235,0.026778433452874693
2016,78,15270.0,Italia,517299,0.02951871161552603
2016,79,15270.0,Italia,473983,0.032216345311962664
2016,80,21512.0,Italia,470284,0.045742572573168556
2016,81,21512.0,Italia,439915,0.04890035575054272
2016,82,21512.0,Italia,409352,0.05255134944986222
2016,83,21512.0,Italia,376316,0.05716472326449048
2016,84,21512.0,Italia,354648,0.06065732782928425
2016,85,26409.0,Italia,341216,0.07739672231079434
2016,86,26409.0,Italia,287224,0.09194565913711947
2016,87,26409.0,Italia,255800,0.10324081313526193
2016,88,26409.0,Italia,224300,0.11773963441818992
2016,89,26409.0,Italia,190738,0.13845694093468527
2016,90,20793.8,Italia,160585,0.12948781019397826
2016,91,20793.8,Italia,132910,0.15645022947859452
2016,92,20793.8,Italia,109458,0.1899705823238137
2016,93,20793.8,Italia,84966,0.24473083350987454
2016,94,20793.8,Italia,66394,0.31318793866915684
2016,95,6980.666666666667,Italia,49341,0.141478013551948
2016,96,6980.666666666667,Italia,24270,0.28762532619145725
2016,97,6980.666666666667,Italia,13246,0.527001862197393
2016,98,6980.666666666667,Italia,10142,0.6882929073818445
2016,99,6980.666666666667,Italia,8258,0.8453217082425123
2016,100,6980.666666666667,Italia,17698,0.3944325159151693
2017,0,296.6,Italia,469956,0.0006311229136344679
2017,1,296.6,Italia,482975,0.0006141104612039961
2017,2,296.6,Italia,499100,0.0005942696854337808
2017,3,296.6,Italia,508569,0.0005832050321588615
2017,4,296.6,Italia,530684,0.0005589013424184638
2017,5,38.4,Italia,538315,7.133369867085257e-05
2017,6,38.4,Italia,554223,6.928618985498617e-05
2017,7,38.4,Italia,563484,6.81474540537087e-05
2017,8,38.4,Italia,569449,6.743360687260843e-05
2017,9,38.4,Italia,567734,6.763730902147837e-05
2017,10,52.2,Italia,568351,9.184465233632035e-05
2017,11,52.2,Italia,564759,9.242880591544358e-05
2017,12,52.2,Italia,570232,9.154168829529035e-05
2017,13,52.2,Italia,565648,9.228354029361017e-05
2017,14,52.2,Italia,562006,9.288157065938798e-05
2017,15,112.2,Italia,567907,0.0001975675594771679
2017,16,112.2,Italia,579513,0.0001936108422071636
2017,17,112.2,Italia,570420,0.000196697170505943
2017,18,112.2,Italia,575369,0.00019500529225592621
2017,19,112.2,Italia,577538,0.00019427293095865554
2017,20,174.4,Italia,580173,0.0003005999934502295
2017,21,174.4,Italia,580454,0.0003004544718444528
2017,22,174.4,Italia,588669,0.00029626156634713225
2017,23,174.4,Italia,603268,0.0002890920784792165
2017,24,174.4,Italia,629620,0.0002769924716495664
2017,25,200.2,Italia,629535,0.00031801250129063515
2017,26,200.2,Italia,642436,0.000311626372121114
2017,27,200.2,Italia,642007,0.00031183460616473026
2017,28,200.2,Italia,657178,0.00030463588251584804
2017,29,200.2,Italia,644695,0.0003105344387656178
2017,30,264.8,Italia,648456,0.00040835461465388556
2017,31,264.8,Italia,669475,0.00039553381380932824
2017,32,264.8,Italia,681886,0.0003883347069744796
2017,33,264.8,Italia,694656,0.00038119587248940486
2017,34,264.8,Italia,718039,0.00036878219706729023
2017,35,411.0,Italia,723845,0.0005678011176425892
2017,36,411.0,Italia,741912,0.0005539740562223013
2017,37,411.0,Italia,765861,0.0005366509066266594
2017,38,411.0,Italia,807330,0.000509085504068968
2017,39,411.0,Italia,833831,0.0004929056367537307
2017,40,816.8,Italia,870791,0.0009379977514696407
2017,41,816.8,Italia,911851,0.0008957603819044997
2017,42,816.8,Italia,949191,0.0008605222763384819
2017,43,816.8,Italia,943493,0.0008657191945250256
2017,44,816.8,Italia,953322,0.00085679340243905
2017,45,1433.4,Italia,962938,0.0014885693575287298
2017,46,1433.4,Italia,954941,0.0015010351424852427
2017,47,1433.4,Italia,980760,0.0014615196378318855
2017,48,1433.4,Italia,974118,0.0014714849740996472
2017,49,1433.4,Italia,977856,0.0014658600039269586
2017,50,2296.0,Italia,987086,0.0023260384606812374
2017,51,2296.0,Italia,985049,0.0023308485161651856
2017,52,2296.0,Italia,997621,0.002301475209523456
2017,53,2296.0,Italia,935698,0.002453783165081041
2017,54,2296.0,Italia,903469,0.002541315750734115
2017,55,3256.4,Italia,885121,0.0036790450119249234
2017,56,3256.4,Italia,856993,0.0037997976646250323
2017,57,3256.4,Italia,836111,0.003894698191986471
2017,58,3256.4,Italia,798005,0.0040806761862394346
2017,59,3256.4,Italia,789831,0.0041229073054868705
2017,60,4642.2,Italia,773056,0.006004998344233794
2017,61,4642.2,Italia,757380,0.006129287807969579
2017,62,4642.2,Italia,744596,0.006234521807799129
2017,63,4642.2,Italia,709343,0.006544365701783199
2017,64,4642.2,Italia,696611,0.0066639774565718886
2017,65,7140.8,Italia,692446,0.01031242869480075
2017,66,7140.8,Italia,716222,0.009970093071701233
2017,67,7140.8,Italia,717997,0.00994544545450747
2017,68,7140.8,Italia,746468,0.009566116698907388
2017,69,7140.8,Italia,726598,0.009827717665063762
2017,70,9947.4,Italia,722568,0.013766731989238383
2017,71,9947.4,Italia,554076,0.01795313278322829
2017,72,9947.4,Italia,566025,0.017574135418046904
2017,73,9947.4,Italia,565998,0.017574973763158173
2017,74,9947.4,Italia,556967,0.017859945023672857
2017,75,15898.4,Italia,554027,0.028696074379046508
2017,76,15898.4,Italia,601204,0.026444268501207575
2017,77,15898.4,Italia,581870,0.027322941550518155
2017,78,15898.4,Italia,553415,0.028727808245168632
2017,79,15898.4,Italia,500056,0.03179323915721439
2017,80,22459.8,Italia,456104,0.04924271657341308
2017,81,22459.8,Italia,450097,0.04989991046374448
2017,82,22459.8,Italia,418373,0.05368367461571373
2017,83,22459.8,Italia,386509,0.058109384257546394
2017,84,22459.8,Italia,352595,0.06369857768828259
2017,85,28172.6,Italia,329223,0.08557300067127752
2017,86,28172.6,Italia,313435,0.08988338890040996
2017,87,28172.6,Italia,261107,0.1078967626298797
2017,88,28172.6,Italia,229190,0.12292246607618133
2017,89,28172.6,Italia,197870,0.14237933997068783
2017,90,22459.0,Italia,165541,0.1356703173232009
2017,91,22459.0,Italia,136876,0.16408281948625034
2017,92,22459.0,Italia,110993,0.20234609389781338
2017,93,22459.0,Italia,89560,0.2507704332291201
2017,94,22459.0,Italia,68087,0.3298573883413868
2017,95,8116.333333333333,Italia,51554,0.15743362946295794
2017,96,8116.333333333333,Italia,37624,0.21572223403501312
2017,97,8116.333333333333,Italia,17960,0.4519116555308092
2017,98,8116.333333333333,Italia,9607,0.8448353631032927
2017,99,8116.333333333333,Italia,7145,1.135945882901796
2017,100,8116.333333333333,Italia,16558,0.49017594717558477
2018,0,297.4,Italia,455066,0.0006535315756395775
2018,1,297.4,Italia,470412,0.0006322117633053578
2018,2,297.4,Italia,482810,0.0006159772995588326
2018,3,297.4,Italia,498644,0.000596417484217197
2018,4,297.4,Italia,507352,0.0005861807975527839
2018,5,39.6,Italia,529716,7.475703962123101e-05
2018,6,39.6,Italia,537576,7.366400285727041e-05
2018,7,39.6,Italia,553502,7.154445693059826e-05
2018,8,39.6,Italia,562718,7.037272665882378e-05
2018,9,39.6,Italia,568873,6.961131922239234e-05
2018,10,49.4,Italia,567324,8.707546305109602e-05
2018,11,49.4,Italia,568083,8.695912393083405e-05
2018,12,49.4,Italia,564478,8.751448240675456e-05
2018,13,49.4,Italia,570184,8.663869908661064e-05
2018,14,49.4,Italia,565934,8.728933055798025e-05
2018,15,119.2,Italia,562182,0.00021203097929140387
2018,16,119.2,Italia,568641,0.0002096225914065289
2018,17,119.2,Italia,581989,0.0002048148676349553
2018,18,119.2,Italia,579330,0.00020575492379127614
2018,19,119.2,Italia,587285,0.00020296789463378087
2018,20,168.0,Italia,585466,0.0002869509074822449
2018,21,168.0,Italia,587622,0.0002858980773354299
2018,22,168.0,Italia,586266,0.0002865593433697332
2018,23,168.0,Italia,594005,0.0002828259021388709
2018,24,168.0,Italia,607703,0.0002764508320676383
2018,25,212.4,Italia,634033,0.00033499833604875456
2018,26,212.4,Italia,632522,0.00033579859672865135
2018,27,212.4,Italia,645936,0.00032882514676376605
2018,28,212.4,Italia,644515,0.00032955012683956155
2018,29,212.4,Italia,659634,0.00032199674364875066
2018,30,268.4,Italia,646636,0.00041507123018204984
2018,31,268.4,Italia,650448,0.00041263867365262094
2018,32,268.4,Italia,670717,0.00040016877460985776
2018,33,268.4,Italia,683056,0.00039293996392682294
2018,34,268.4,Italia,695415,0.00038595658707390546
2018,35,424.2,Italia,718861,0.0005901001723559909
2018,36,424.2,Italia,724286,0.0005856802423352102
2018,37,424.2,Italia,742259,0.000571498627837453
2018,38,424.2,Italia,765795,0.0005539341468669813
2018,39,424.2,Italia,807054,0.0005256153863310262
2018,40,790.4,Italia,833227,0.0009486010414928945
2018,41,790.4,Italia,870131,0.0009083689697298453
2018,42,790.4,Italia,910933,0.0008676818163355592
2018,43,790.4,Italia,948160,0.0008336145798177523
2018,44,790.4,Italia,942507,0.0008386144612188556
2018,45,1382.2,Italia,952006,0.0014518816057881988
2018,46,1382.2,Italia,961551,0.0014374692554009097
2018,47,1382.2,Italia,953283,0.0014499366924617348
2018,48,1382.2,Italia,979137,0.0014116512806685887
2018,49,1382.2,Italia,972309,0.0014215645437818637
2018,50,2319.6,Italia,975914,0.002376848779708048
2018,51,2319.6,Italia,984888,0.002355191656310159
2018,52,2319.6,Italia,982355,0.002361264512319884
2018,53,2319.6,Italia,994884,0.002331528097748079
2018,54,2319.6,Italia,932941,0.002486330861222735
2018,55,3287.0,Italia,900730,0.00364926226505168
2018,56,3287.0,Italia,882238,0.0037257520079615703
2018,57,3287.0,Italia,853804,0.003849829703304271
2018,58,3287.0,Italia,832470,0.003948490636299206
2018,59,3287.0,Italia,794366,0.004137891098058074
2018,60,4628.0,Italia,785725,0.005890101498615928
2018,61,4628.0,Italia,768463,0.006022410968387548
2018,62,4628.0,Italia,752539,0.006149847383324984
2018,63,4628.0,Italia,739734,0.0062563029413275585
2018,64,4628.0,Italia,703998,0.006573882312165659
2018,65,6815.2,Italia,690949,0.009863535514198588
2018,66,6815.2,Italia,686750,0.009923844193665817
2018,67,6815.2,Italia,709213,0.009609524924106015
2018,68,6815.2,Italia,710430,0.009593063355995664
2018,69,6815.2,Italia,737434,0.009241776213193316
2018,70,9917.4,Italia,716867,0.013834365370424359
2018,71,9917.4,Italia,711884,0.013931202274527873
2018,72,9917.4,Italia,544914,0.01819993613671148
2018,73,9917.4,Italia,555637,0.017848703380084478
2018,74,9917.4,Italia,554591,0.017882367366221234
2018,75,15095.8,Italia,544466,0.027725881873248284
2018,76,15095.8,Italia,540220,0.027943800673799563
2018,77,15095.8,Italia,584625,0.02582133846482788
2018,78,15095.8,Italia,564036,0.026763894503187738
2018,79,15095.8,Italia,534369,0.028249767482769396
2018,80,21768.0,Italia,480635,0.04529008499172969
2018,81,21768.0,Italia,435869,0.049941610896852034
2018,82,21768.0,Italia,427083,0.05096901539045104
2018,83,21768.0,Italia,394210,0.05521929935821009
2018,84,21768.0,Italia,361140,0.06027579332114969
2018,85,27035.4,Italia,326547,0.08279175738867606
2018,86,27035.4,Italia,301039,0.08980696853231641
2018,87,27035.4,Italia,283301,0.09542994906477563
2018,88,27035.4,Italia,232485,0.11628879282534357
2018,89,27035.4,Italia,200576,0.134788808232291
2018,90,21884.2,Italia,170375,0.1284472487160675
2018,91,21884.2,Italia,139570,0.1567973060113205
2018,92,21884.2,Italia,112976,0.19370662795638013
2018,93,21884.2,Italia,89705,0.24395741597458337
2018,94,21884.2,Italia,70644,0.3097814393295963
2018,95,8437.333333333334,Italia,52226,0.161554270542131
2018,96,8437.333333333334,Italia,38707,0.2179795213613386
2018,97,8437.333333333334,Italia,27307,0.30898060326412036
2018,98,8437.333333333334,Italia,12695,0.664618616253118
2018,99,8437.333333333334,Italia,6689,1.2613743957741568
2018,100,8437.333333333334,Italia,14984,0.5630895177077773
2019,0,247.8,Italia,431007,0.0005749326577062553
2019,1,247.8,Italia,455746,0.0005437239163920254
2019,2,247.8,Italia,470813,0.0005263236146835368
2019,3,247.8,Italia,482946,0.0005131008435725734
2019,4,247.8,Italia,498240,0.0004973506743737958
2019,5,29.8,Italia,507118,5.8763443616673045e-05
2019,6,29.8,Italia,529609,5.626792596047273e-05
2019,7,29.8,Italia,537809,5.541000615460136e-05
2019,8,29.8,Italia,553691,5.382063280782964e-05
2019,9,29.8,Italia,563046,5.2926403881743236e-05
2019,10,42.0,Italia,569271,7.377856943353869e-05
2019,11,42.0,Italia,567812,7.396814438581784e-05
2019,12,42.0,Italia,568576,7.386875281404773e-05
2019,13,42.0,Italia,565035,7.433167856858425e-05
2019,14,42.0,Italia,571168,7.353353129026836e-05
2019,15,110.0,Italia,566861,0.00019405109894665536
2019,16,110.0,Italia,563617,0.00019516799528758005
2019,17,110.0,Italia,570790,0.0001927153594141453
2019,18,110.0,Italia,586873,0.00018743407858258943
2019,19,110.0,Italia,585535,0.0001878623822657911
2019,20,162.8,Italia,592118,0.0002749451967344347
2019,21,162.8,Italia,590127,0.0002758728205962446
2019,22,162.8,Italia,591595,0.00027518826224021505
2019,23,162.8,Italia,590504,0.000275696692994459
2019,24,162.8,Italia,597963,0.00027225764804845787
2019,25,199.0,Italia,610365,0.00032603442202616467
2019,26,199.0,Italia,636390,0.00031270133094486084
2019,27,199.0,Italia,634599,0.0003135838537407087
2019,28,199.0,Italia,647713,0.0003072348401220911
2019,29,199.0,Italia,646532,0.0003077960564983636
2019,30,246.2,Italia,661682,0.0003720820575442584
2019,31,246.2,Italia,648958,0.0003793774019273974
2019,32,246.2,Italia,652430,0.0003773584905660377
2019,33,246.2,Italia,672536,0.00036607705758502147
2019,34,246.2,Italia,684894,0.00035947168466945247
2019,35,383.0,Italia,696965,0.0005495254424540688
2019,36,383.0,Italia,720821,0.0005313385708795943
2019,37,383.0,Italia,725890,0.0005276281530259406
2019,38,383.0,Italia,743989,0.0005147925574168435
2019,39,383.0,Italia,767068,0.0004993038426840906
2019,40,748.6,Italia,808091,0.000926380816021958
2019,41,748.6,Italia,833979,0.0008976245205215
2019,42,748.6,Italia,870585,0.0008598815738842273
2019,43,748.6,Italia,911068,0.0008216730255041336
2019,44,748.6,Italia,948308,0.0007894059735866406
2019,45,1335.0,Italia,942526,0.0014164065500580356
2019,46,1335.0,Italia,951644,0.0014028355141208267
2019,47,1335.0,Italia,960873,0.001389361549341068
2019,48,1335.0,Italia,952392,0.0014017337398886172
2019,49,1335.0,Italia,977845,0.0013652470483563345
2019,50,2221.0,Italia,970952,0.002287445723372525
2019,51,2221.0,Italia,974426,0.002279290577221872
2019,52,2221.0,Italia,983002,0.002259405372522131
2019,53,2221.0,Italia,980231,0.0022657924509630893
2019,54,2221.0,Italia,992363,0.0022380923109789463
2019,55,3299.8,Italia,930364,0.003546783839443487
2019,56,3299.8,Italia,898112,0.0036741519988598304
2019,57,3299.8,Italia,879334,0.0037526127728485423
2019,58,3299.8,Italia,850679,0.0038790189954142516
2019,59,3299.8,Italia,828928,0.00398080412291538
2019,60,4583.8,Italia,790780,0.005796555299830548
2019,61,4583.8,Italia,781577,0.005864809225450596
2019,62,4583.8,Italia,764192,0.005998230811105063
2019,63,4583.8,Italia,747881,0.006129049942437367
2019,64,4583.8,Italia,734624,0.006239654571590365
2019,65,6545.0,Italia,698687,0.009367570886534313
2019,66,6545.0,Italia,685459,0.009548346436475412
2019,67,6545.0,Italia,680430,0.009618917449260026
2019,68,6545.0,Italia,701821,0.009325739754153836
2019,69,6545.0,Italia,702312,0.009319219947829454
2019,70,10091.8,Italia,728090,0.013860649095578843
2019,71,10091.8,Italia,706643,0.014281327346340371
2019,72,10091.8,Italia,700442,0.014407759671750122
2019,73,10091.8,Italia,535439,0.01884771187754347
2019,74,10091.8,Italia,544806,0.018523657962650923
2019,75,14568.0,Italia,542572,0.02684989273313035
2019,76,14568.0,Italia,531505,0.02740896134561293
2019,77,14568.0,Italia,525763,0.027708302029621712
2019,78,14568.0,Italia,567636,0.02566433418599243
2019,79,14568.0,Italia,545322,0.026714491621464016
2019,80,21903.6,Italia,514429,0.04257847049835837
2019,81,21903.6,Italia,460163,0.047599654904892395
2019,82,21903.6,Italia,414713,0.05281628499709437
2019,83,21903.6,Italia,403674,0.05426061623983709
2019,84,21903.6,Italia,369736,0.0592411883073328
2019,85,27320.0,Italia,335183,0.08150771369669703
2019,86,27320.0,Italia,300229,0.09099720546649391
2019,87,27320.0,Italia,273375,0.09993598536808414
2019,88,27320.0,Italia,254237,0.10745878845329358
2019,89,27320.0,Italia,204776,0.133414071961558
2019,90,22100.0,Italia,173875,0.12710280373831775
2019,91,22100.0,Italia,145270,0.1521305155916569
2019,92,22100.0,Italia,116481,0.189730513989406
2019,93,22100.0,Italia,92323,0.23937696998581068
2019,94,22100.0,Italia,71496,0.3091082018574466
2019,95,8955.166666666666,Italia,54883,0.16316831562900472
2019,96,8955.166666666666,Italia,39836,0.22480085015229104
2019,97,8955.166666666666,Italia,28842,0.3104904884081085
2019,98,8955.166666666666,Italia,19650,0.4557336726039016
2019,99,8955.166666666666,Italia,8985,0.9966796512706362
2019,100,8955.166666666666,Italia,14132,0.6336800641569958
2020,0,227.0,Italia,414974,0.0005470222230790362
2020,1,227.0,Italia,436785,0.0005197064917522351
2020,2,227.0,Italia,457314,0.0004963766689845489
2020,3,227.0,Italia,471696,0.0004812421559648587
2020,4,227.0,Italia,483769,0.00046923221620236106
2020,5,29.8,Italia,499144,5.9702210183834725e-05
2020,6,29.8,Italia,507291,5.8743403687429896e-05
2020,7,29.8,Italia,529473,5.628237889373018e-05
2020,8,29.8,Italia,537902,5.5400426099921546e-05
2020,9,29.8,Italia,554146,5.377644158759605e-05
2020,10,43.6,Italia,562764,7.747474962861875e-05
2020,11,43.6,Italia,569337,7.658030305425434e-05
2020,12,43.6,Italia,568025,7.675718498305532e-05
2020,13,43.6,Italia,569063,7.661717595415622e-05
2020,14,43.6,Italia,565871,7.704936284064743e-05
2020,15,97.8,Italia,572210,0.00017091627199804268
2020,16,97.8,Italia,568006,0.00017218127977521364
2020,17,97.8,Italia,565389,0.00017297825037275222
2020,18,97.8,Italia,574707,0.00017017367110545026
2020,19,97.8,Italia,590744,0.00016555394553309047
2020,20,147.4,Italia,587458,0.0002509115545281535
2020,21,147.4,Italia,593017,0.00024855948480397694
2020,22,147.4,Italia,590999,0.0002494082054284356
2020,23,147.4,Italia,592782,0.0002486580226795011
2020,24,147.4,Italia,591632,0.0002491413581415475
2020,25,179.2,Italia,598620,0.00029935518358892115
2020,26,179.2,Italia,610326,0.00029361357700638676
2020,27,179.2,Italia,636742,0.00028143266817643565
2020,28,179.2,Italia,635013,0.0002821989471081694
2020,29,179.2,Italia,647793,0.00027663157829738817
2020,30,245.4,Italia,646752,0.00037943446637969425
2020,31,245.4,Italia,661651,0.00037089039387834375
2020,32,245.4,Italia,649095,0.0003780648441291337
2020,33,245.4,Italia,652402,0.0003761484483493306
2020,34,245.4,Italia,672541,0.00036488481743120497
2020,35,391.4,Italia,685014,0.0005713751835728904
2020,36,391.4,Italia,696978,0.0005615672230687339
2020,37,391.4,Italia,720776,0.0005430258499173113
2020,38,391.4,Italia,725693,0.0005393465280772999
2020,39,391.4,Italia,743730,0.0005262662525378834
2020,40,732.2,Italia,766871,0.0009547890062344254
2020,41,732.2,Italia,807492,0.000906758209369257
2020,42,732.2,Italia,833206,0.0008787742767094813
2020,43,732.2,Italia,869464,0.0008421280237019589
2020,44,732.2,Italia,910431,0.000804234477956045
2020,45,1392.4,Italia,947191,0.001470030859668219
2020,46,1392.4,Italia,941384,0.0014790988587016563
2020,47,1392.4,Italia,950417,0.0014650411345756653
2020,48,1392.4,Italia,959708,0.0014508579692989953
2020,49,1392.4,Italia,951065,0.0014640429413341886
2020,50,2407.8,Italia,976325,0.002466186976672727
2020,51,2407.8,Italia,968981,0.0024848784444689836
2020,52,2407.8,Italia,972528,0.0024758156063372986
2020,53,2407.8,Italia,980815,0.0024548972028364167
2020,54,2407.8,Italia,978055,0.002461824744007239
2020,55,3674.4,Italia,990171,0.003710874182338202
2020,56,3674.4,Italia,927825,0.003960229569153666
2020,57,3674.4,Italia,895469,0.004103324626536485
2020,58,3674.4,Italia,876379,0.004192706580143979
2020,59,3674.4,Italia,847647,0.00433482334037636
2020,60,5276.0,Italia,825539,0.006390976077447583
2020,61,5276.0,Italia,787331,0.0067011206214413
2020,62,5276.0,Italia,777491,0.006785930640997774
2020,63,5276.0,Italia,759731,0.006944563273053226
2020,64,5276.0,Italia,743258,0.007098477244779067
2020,65,7537.6,Italia,729584,0.010331366915941139
2020,66,7537.6,Italia,693488,0.010869113813072468
2020,67,7537.6,Italia,679502,0.011092829748845479
2020,68,7537.6,Italia,673956,0.011184112909448094
2020,69,7537.6,Italia,694484,0.010853525783171392
2020,70,12394.6,Italia,694140,0.017856052093237675
2020,71,12394.6,Italia,718819,0.01724300554103328
2020,72,12394.6,Italia,696577,0.017793582044770356
2020,73,12394.6,Italia,689079,0.01798719740407123
2020,74,12394.6,Italia,525745,0.023575307420897966
2020,75,16640.8,Italia,533883,0.03116937606179631
2020,76,16640.8,Italia,530624,0.031360812929682784
2020,77,16640.8,Italia,518346,0.03210365277247244
2020,78,16640.8,Italia,511316,0.032545040640230304
2020,79,16640.8,Italia,549844,0.030264584136591468
2020,80,26271.2,Italia,526084,0.049937272374753844
2020,81,26271.2,Italia,493871,0.05319445766202106
2020,82,26271.2,Italia,439070,0.05983373949484137
2020,83,26271.2,Italia,392934,0.0668590653901164
2020,84,26271.2,Italia,379577,0.06921178048195754
2020,85,31697.6,Italia,344257,0.09207539715968012
2020,86,31697.6,Italia,308797,0.10264866562822825
2020,87,31697.6,Italia,273406,0.11593600725660738
2020,88,31697.6,Italia,245503,0.12911288253096703
2020,89,31697.6,Italia,224661,0.14109079902608818
2020,90,26133.8,Italia,178020,0.14680260644871362
2020,91,26133.8,Italia,148233,0.17630217293045408
2020,92,26133.8,Italia,121373,0.21531806909279658
2020,93,26133.8,Italia,95283,0.2742755790644711
2020,94,26133.8,Italia,73451,0.3557991041646812
2020,95,10452.833333333334,Italia,55649,0.18783506142668033
2020,96,10452.833333333334,Italia,41447,0.252197585671661
2020,97,10452.833333333334,Italia,29302,0.3567276408891316
2020,98,10452.833333333334,Italia,20560,0.508406290531777
2020,99,10452.833333333334,Italia,13421,0.7788416163723518
2020,100,10452.833333333334,Italia,14804,0.7060816896334324
2021,0,220.2,Italia,404956,0.0005437627791661316
2021,1,220.2,Italia,423269,0.0005202365398836201
2021,2,220.2,Italia,443571,0.000496425600411208
2021,3,220.2,Italia,464239,0.00047432464743375714
2021,4,220.2,Italia,480475,0.00045829647744419585
2021,5,30.0,Italia,493318,6.081270093529934e-05
2021,6,30.0,Italia,501031,5.987653458568432e-05
2021,7,30.0,Italia,510437,5.8773168872946125e-05
2021,8,30.0,Italia,532059,5.638472425050605e-05
2021,9,30.0,Italia,541495,5.540217361194471e-05
2021,10,45.4,Italia,557192,8.147999253399187e-05
2021,11,45.4,Italia,566257,8.0175609308141e-05
2021,12,45.4,Italia,573063,7.922340126652741e-05
2021,13,45.4,Italia,572003,7.937021309328796e-05
2021,14,45.4,Italia,573180,7.920722984053875e-05
2021,15,114.6,Italia,570115,0.00020101207651087937
2021,16,114.6,Italia,574780,0.00019938063258986046
2021,17,114.6,Italia,569673,0.00020116803850630098
2021,18,114.6,Italia,566163,0.0002024152055150195
2021,19,114.6,Italia,576282,0.00019886097431465844
2021,20,153.8,Italia,592909,0.0002593989971479603
2021,21,153.8,Italia,588045,0.0002615446096812319
2021,22,153.8,Italia,593757,0.00025902852513738785
2021,23,153.8,Italia,590841,0.0002603069184433714
2021,24,153.8,Italia,591788,0.0002598903661446329
2021,25,202.4,Italia,589181,0.00034352771049982943
2021,26,202.4,Italia,594222,0.0003406134407679285
2021,27,202.4,Italia,604340,0.00033491081179468513
2021,28,202.4,Italia,630071,0.00032123363874864895
2021,29,202.4,Italia,627765,0.0003224136420475815
2021,30,263.2,Italia,640573,0.00041088213209111214
2021,31,263.2,Italia,639502,0.0004115702531031959
2021,32,263.2,Italia,655408,0.0004015819153870566
2021,33,263.2,Italia,643652,0.00040891661953975126
2021,34,263.2,Italia,647011,0.0004067937021163473
2021,35,403.4,Italia,667278,0.0006045456316557716
2021,36,403.4,Italia,681128,0.0005922528511527936
2021,37,403.4,Italia,693606,0.0005815981984008212
2021,38,403.4,Italia,718130,0.0005617367329035132
2021,39,403.4,Italia,723110,0.0005578680975231984
2021,40,728.4,Italia,741417,0.0009824430785914
2021,41,728.4,Italia,764338,0.0009529815343473698
2021,42,728.4,Italia,804929,0.0009049245337166384
2021,43,728.4,Italia,831055,0.0008764762861663788
2021,44,728.4,Italia,866831,0.0008403022042358891
2021,45,1386.2,Italia,908080,0.0015265174874460402
2021,46,1386.2,Italia,944130,0.0014682300106976793
2021,47,1386.2,Italia,938013,0.0014778046786131963
2021,48,1386.2,Italia,946747,0.0014641715262894944
2021,49,1386.2,Italia,955531,0.001450711698521555
2021,50,2386.0,Italia,946253,0.0025215243703322473
2021,51,2386.0,Italia,970580,0.0024583238888087537
2021,52,2386.0,Italia,962254,0.002479594784744984
2021,53,2386.0,Italia,965612,0.002470971777484124
2021,54,2386.0,Italia,972976,0.0024522701484928715
2021,55,3736.6,Italia,969939,0.003852407213237121
2021,56,3736.6,Italia,981264,0.003807945670074516
2021,57,3736.6,Italia,919463,0.004063893816281895
2021,58,3736.6,Italia,886357,0.004215682845625408
2021,59,3736.6,Italia,866942,0.004310092255306583
2021,60,5259.8,Italia,838134,0.006275607480426758
2021,61,5259.8,Italia,815350,0.006450971975225364
2021,62,5259.8,Italia,776787,0.006771225574063418
2021,63,5259.8,Italia,766661,0.006860659404873863
2021,64,5259.8,Italia,749164,0.007020892621642258
2021,65,7483.0,Italia,732932,0.010209678387626682
2021,66,7483.0,Italia,719124,0.010405715843164739
2021,67,7483.0,Italia,682607,0.010962383919297634
2021,68,7483.0,Italia,672631,0.011124970451852501
2021,69,7483.0,Italia,667039,0.011218234615966983
2021,70,11945.2,Italia,686526,0.017399486690962907
2021,71,11945.2,Italia,684969,0.01743903738709343
2021,72,11945.2,Italia,708347,0.01686348639861537
2021,73,11945.2,Italia,685037,0.01743730630608274
2021,74,11945.2,Italia,676292,0.01766278471429501
2021,75,15664.2,Italia,514408,0.030450926113124215
2021,76,15664.2,Italia,521003,0.030065469872534323
2021,77,15664.2,Italia,515948,0.03036003628272617
2021,78,15664.2,Italia,502187,0.0311919663392322
2021,79,15664.2,Italia,493664,0.03173048875348415
2021,80,24562.0,Italia,527760,0.04654009398211308
2021,81,24562.0,Italia,502658,0.0488642377123213
2021,82,24562.0,Italia,468561,0.052420069105196546
2021,83,24562.0,Italia,413022,0.05946898712417256
2021,84,24562.0,Italia,365962,0.06711625797213919
2021,85,29397.0,Italia,349855,0.08402623944205456
2021,86,29397.0,Italia,313617,0.0937353523565368
2021,87,29397.0,Italia,277429,0.1059622461963241
2021,88,29397.0,Italia,241985,0.1214827365332562
2021,89,29397.0,Italia,213216,0.13787426834759117
2021,90,24394.8,Italia,191492,0.12739331146993085
2021,91,24394.8,Italia,148486,0.16429023611653623
2021,92,24394.8,Italia,120185,0.20297707700628198
2021,93,24394.8,Italia,96282,0.25336823082196047
2021,94,24394.8,Italia,73213,0.3332031196645404
2021,95,9910.833333333334,Italia,54860,0.18065682342933528
2021,96,9910.833333333334,Italia,40293,0.24596910960547325
2021,97,9910.833333333334,Italia,29016,0.3415644242257146
2021,98,9910.833333333334,Italia,20113,0.4927575863040488
2021,99,9910.833333333334,Italia,13635,0.7268671311575603
2021,100,9910.833333333334,Italia,17177,0.5769827870602162
2011,Total,593427.0,Italia,59948497,0.009898947091200636
2012,Total,612883.0,Italia,60105185,0.010196840755086272
2013,Total,600744.0,Italia,60277309,0.009966337415626832
2014,Total,598364.0,Italia,60345917,0.009915567278561696
2015,Total,647571.0,Italia,60295497,0.010739956252454474
2016,Total,615261.0,Italia,60163712,0.010226446799027294
2017,Total,649061.0,Italia,60066734,0.010805664912628677
2018,Total,633133.0,Italia,59937769,0.010563172613248252
2019,Total,634417.0,Italia,59816673,0.010606022839150549
2020,Total,740317.0,Italia,59641488,0.012412785542842258
2021,Total,701346.0,Italia,59236213,0.011839818321944383
